Faculty,ORCID,Affiliation,Programs,PMID,Year,Authorship,Author Position,Author Count,Journal,Title,DOI,URL,Filter: Search,Filter: Year Min,Filter: Year Max,Filter: Programs
Carolyn Bramante,0000-0001-5858-2080,University of Minnesota,KL2 Career Development Program,41756439,2026,Last,11,11,Research square,"Among individuals who die of COVID-19, is the percentage who had diabetes actually higher than in those dying of other viral infections?",10.21203/rs.3.rs-8808866/v1,https://pubmed.ncbi.nlm.nih.gov/41756439/,Carolyn Bramante,2011,2026,All
Carolyn Bramante,0000-0001-5858-2080,University of Minnesota,KL2 Career Development Program,42736585,2026,Last,11,11,Cardiovascular diabetology. Endocrinology reports,"Among individuals who die of COVID-19, is the percentage who had diabetes actually higher than in those dying of other viral infections?",10.1186/s40842-026-00325-0,https://pubmed.ncbi.nlm.nih.gov/42736585/,Carolyn Bramante,2011,2026,All
Carolyn Bramante,0000-0001-5858-2080,University of Minnesota,KL2 Career Development Program,40832932,2026,Middle,4,22,The Journal of infectious diseases,Evaluating Viral Load Sampling Schemes and Swabbing Methods for Optimal Surrogacy.,10.1093/infdis/jiaf443,https://pubmed.ncbi.nlm.nih.gov/40832932/,Carolyn Bramante,2011,2026,All
Carolyn Bramante,0000-0001-5858-2080,University of Minnesota,KL2 Career Development Program,41727612,2026,Last,7,7,Research square,Experiences of Adolescents with Obesity who Completed a Self-Weighing Feasibility Study.,10.21203/rs.3.rs-8321471/v1,https://pubmed.ncbi.nlm.nih.gov/41727612/,Carolyn Bramante,2011,2026,All
Carolyn Bramante,0000-0001-5858-2080,University of Minnesota,KL2 Career Development Program,42465874,2026,Middle,11,12,medRxiv : the preprint server for health sciences,GLP Medications and Severe Post-COVID-19 Outcomes Among Individuals with Type 2 Diabetes Mellitus.,10.64898/2026.07.03.26357246,https://pubmed.ncbi.nlm.nih.gov/42465874/,Carolyn Bramante,2011,2026,All
Carolyn Bramante,0000-0001-5858-2080,University of Minnesota,KL2 Career Development Program,42399316,2026,Middle,13,18,Scientific reports,Gut barrier integrity biomarkers are associated with increased inflammation and predict disease status in hospitalized COVID-19 patients.,10.1038/s41598-026-59934-5,https://pubmed.ncbi.nlm.nih.gov/42399316/,Carolyn Bramante,2011,2026,All
Carolyn Bramante,0000-0001-5858-2080,University of Minnesota,KL2 Career Development Program,41822694,2026,Middle,9,10,medRxiv : the preprint server for health sciences,IL-6 Receptor Antagonists and Severe Post-COVID-19 Outcomes: An Emulated Target Trial.,10.64898/2026.02.27.26347274,https://pubmed.ncbi.nlm.nih.gov/41822694/,Carolyn Bramante,2011,2026,All
Carolyn Bramante,0000-0001-5858-2080,University of Minnesota,KL2 Career Development Program,42656834,2026,Middle,20,32,Frontiers in endocrinology,"Metabolic, viral, and immune phenotypes in long COVID.",10.3389/fendo.2026.1899115,https://pubmed.ncbi.nlm.nih.gov/42656834/,Carolyn Bramante,2011,2026,All
Carolyn Bramante,0000-0001-5858-2080,University of Minnesota,KL2 Career Development Program,41460522,2026,First,1,3,JAMA internal medicine,Metformin Therapy for Patients With COVID-19 Without Obesity-Reply.,10.1001/jamainternmed.2025.6796,https://pubmed.ncbi.nlm.nih.gov/41460522/,Carolyn Bramante,2011,2026,All
Carolyn Bramante,0000-0001-5858-2080,University of Minnesota,KL2 Career Development Program,42465953,2026,Last,20,20,medRxiv : the preprint server for health sciences,Metformin and Severe Post-COVID-19 Outcomes Among Individuals with Diabetes Mellitus.,10.64898/2026.07.06.26357398,https://pubmed.ncbi.nlm.nih.gov/42465953/,Carolyn Bramante,2011,2026,All
Carolyn Bramante,0000-0001-5858-2080,University of Minnesota,KL2 Career Development Program,42240559,2026,First,1,28,Clinical infectious diseases : an official publication of the Infectious Diseases Society of America,Metformin on the Presence of COVID-19 Symptoms 6 Months after Infection: The ACTIV-6 Randomized Clinical Trial.,10.1093/cid/ciag335,https://pubmed.ncbi.nlm.nih.gov/42240559/,Carolyn Bramante,2011,2026,All
Carolyn Bramante,0000-0001-5858-2080,University of Minnesota,KL2 Career Development Program,42157531,2026,Middle,2,3,Statistics in medicine,Model-Assisted Bayesian Estimators of Transparent Population Level Summary Measures for Ordinal Outcomes in Randomized Controlled Trials.,10.1002/sim.70603,https://pubmed.ncbi.nlm.nih.gov/42157531/,Carolyn Bramante,2011,2026,All
Carolyn Bramante,0000-0001-5858-2080,University of Minnesota,KL2 Career Development Program,41608911,2026,First,1,2,Clinical infectious diseases : an official publication of the Infectious Diseases Society of America,Preventing Long COVID With Metformin.,10.1093/cid/ciaf700,https://pubmed.ncbi.nlm.nih.gov/41608911/,Carolyn Bramante,2011,2026,All
Carolyn Bramante,0000-0001-5858-2080,University of Minnesota,KL2 Career Development Program,39904520,2025,Middle,3,12,BMJ open diabetes research & care,Association of glycemic control with Long COVID in patients with type 2 diabetes: findings from the National COVID Cohort Collaborative (N3C).,10.1136/bmjdrc-2024-004536,https://pubmed.ncbi.nlm.nih.gov/39904520/,Carolyn Bramante,2011,2026,All
Carolyn Bramante,0000-0001-5858-2080,University of Minnesota,KL2 Career Development Program,40358885,2025,Middle,4,7,Journal of general internal medicine,Correction: Opportunities for General Internal Medicine to Promote Equity in Obesity Care.,10.1007/s11606-025-09504-8,https://pubmed.ncbi.nlm.nih.gov/40358885/,Carolyn Bramante,2011,2026,All
Carolyn Bramante,0000-0001-5858-2080,University of Minnesota,KL2 Career Development Program,39761108,2025,Middle,3,7,Childhood obesity (Print),Impact of COVID-19 Diagnosis on Weight Trajectories of Children in the US National COVID Cohort Collaborative.,10.1089/chi.2024.0256,https://pubmed.ncbi.nlm.nih.gov/39761108/,Carolyn Bramante,2011,2026,All
Carolyn Bramante,0000-0001-5858-2080,University of Minnesota,KL2 Career Development Program,40188835,2025,First,1,2,The Lancet. Infectious diseases,Long COVID treatment trials: still more questions than answers?,10.1016/S1473-3099(25)00208-7,https://pubmed.ncbi.nlm.nih.gov/40188835/,Carolyn Bramante,2011,2026,All
Carolyn Bramante,0000-0001-5858-2080,University of Minnesota,KL2 Career Development Program,41209894,2025,Last,10,10,Cureus,Major Adverse Cardiovascular Event Outcomes in Patients With Obesity and Type 2 Diabetes Undergoing Medical Weight Management.,10.7759/cureus.94070,https://pubmed.ncbi.nlm.nih.gov/41209894/,Carolyn Bramante,2011,2026,All
Carolyn Bramante,0000-0001-5858-2080,University of Minnesota,KL2 Career Development Program,40658388,2025,First,1,29,JAMA internal medicine,Metformin and Time to Sustained Recovery in Adults With COVID-19: The ACTIV-6 Randomized Clinical Trial.,10.1001/jamainternmed.2025.2570,https://pubmed.ncbi.nlm.nih.gov/40658388/,Carolyn Bramante,2011,2026,All
Carolyn Bramante,0000-0001-5858-2080,University of Minnesota,KL2 Career Development Program,40518455,2025,Middle,7,10,International journal of obesity (2005),Predictors of BMI reduction with phentermine/topiramate in adolescents with obesity.,10.1038/s41366-025-01821-6,https://pubmed.ncbi.nlm.nih.gov/40518455/,Carolyn Bramante,2011,2026,All
Carolyn Bramante,0000-0001-5858-2080,University of Minnesota,KL2 Career Development Program,40461945,2025,Middle,4,22,The Journal of infectious diseases,The Choice of Viral Load End Point in Early Phase Trials of COVID-19 Treatments Aiming to Reduce 28-Day Hospitalization and/or Death.,10.1093/infdis/jiaf282,https://pubmed.ncbi.nlm.nih.gov/40461945/,Carolyn Bramante,2011,2026,All
Carolyn Bramante,0000-0001-5858-2080,University of Minnesota,KL2 Career Development Program,41409341,2025,Middle,10,14,Pediatric diabetes,The Effect of COVID-19 on Incident Diabetes in Pediatric Patients: Findings From the National COVID-19 Cohort Collaborative (N3C).,10.1155/pedi/3545727,https://pubmed.ncbi.nlm.nih.gov/41409341/,Carolyn Bramante,2011,2026,All
Carolyn Bramante,0000-0001-5858-2080,University of Minnesota,KL2 Career Development Program,38947738,2024,Last,18,18,Open forum infectious diseases,"A Comparison of Recruitment Methods for a Remote, Nationwide Clinical Trial for COVID-19 Treatment.",10.1093/ofid/ofae224,https://pubmed.ncbi.nlm.nih.gov/38947738/,Carolyn Bramante,2011,2026,All
Carolyn Bramante,0000-0001-5858-2080,University of Minnesota,KL2 Career Development Program,39014194,2024,Middle,6,20,Scientific reports,"Author Correction: Development of a proteomic signature associated with severe disease for patients with COVID-19 using data from 5 multicenter, randomized, controlled, and prospective studies.",10.1038/s41598-024-67607-4,https://pubmed.ncbi.nlm.nih.gov/39014194/,Carolyn Bramante,2011,2026,All
Carolyn Bramante,0000-0001-5858-2080,University of Minnesota,KL2 Career Development Program,39207804,2024,Middle,10,13,Diabetes care,Effect of SARS-CoV-2 Infection on Incident Diabetes by Viral Variant: Findings From the National COVID Cohort Collaborative (N3C).,10.2337/dc24-1003,https://pubmed.ncbi.nlm.nih.gov/39207804/,Carolyn Bramante,2011,2026,All
Carolyn Bramante,0000-0001-5858-2080,University of Minnesota,KL2 Career Development Program,38690892,2024,First,1,37,Clinical infectious diseases : an official publication of the Infectious Diseases Society of America,"Favorable Antiviral Effect of Metformin on SARS-CoV-2 Viral Load in a Randomized, Placebo-Controlled Clinical Trial of COVID-19.",10.1093/cid/ciae159,https://pubmed.ncbi.nlm.nih.gov/38690892/,Carolyn Bramante,2011,2026,All
Carolyn Bramante,0000-0001-5858-2080,University of Minnesota,KL2 Career Development Program,38884967,2024,Middle,9,13,JAMA pediatrics,Financial Incentives and Treatment Outcomes in Adolescents With Severe Obesity: A Randomized Clinical Trial.,10.1001/jamapediatrics.2024.1701,https://pubmed.ncbi.nlm.nih.gov/38884967/,Carolyn Bramante,2011,2026,All
Carolyn Bramante,0000-0001-5858-2080,University of Minnesota,KL2 Career Development Program,38795793,2024,Middle,4,22,American heart journal,Framework of the strengths and challenges of clinically integrated trials: An expert panel report.,10.1016/j.ahj.2024.05.009,https://pubmed.ncbi.nlm.nih.gov/38795793/,Carolyn Bramante,2011,2026,All
Carolyn Bramante,0000-0001-5858-2080,University of Minnesota,KL2 Career Development Program,39414737,2024,Middle,4,7,Journal of general internal medicine,Opportunities for General Internal Medicine to Promote Equity in Obesity Care.,10.1007/s11606-024-09084-z,https://pubmed.ncbi.nlm.nih.gov/39414737/,Carolyn Bramante,2011,2026,All
Carolyn Bramante,0000-0001-5858-2080,University of Minnesota,KL2 Career Development Program,39287394,2024,Middle,18,19,Diabetes care,Prevalent Metformin Use in Adults With Diabetes and the Incidence of Long COVID: An EHR-Based Cohort Study From the RECOVER Program.,10.2337/DCa24-0032,https://pubmed.ncbi.nlm.nih.gov/39287394/,Carolyn Bramante,2011,2026,All
Carolyn Bramante,0000-0001-5858-2080,University of Minnesota,KL2 Career Development Program,38836048,2024,Middle,6,9,Clinical epidemiology,Risk of Post-Acute Sequelae of SARS-CoV-2 Infection (PASC) Among Patients with Type 2 Diabetes Mellitus on Anti-Hyperglycemic Medications.,10.2147/CLEP.S458901,https://pubmed.ncbi.nlm.nih.gov/38836048/,Carolyn Bramante,2011,2026,All
Carolyn Bramante,0000-0001-5858-2080,University of Minnesota,KL2 Career Development Program,39345212,2024,Middle,15,18,Microbiology spectrum,"SARS-CoV-2 infection is associated with intestinal permeability, systemic inflammation, and microbial dysbiosis in hospitalized patients.",10.1128/spectrum.00680-24,https://pubmed.ncbi.nlm.nih.gov/39345212/,Carolyn Bramante,2011,2026,All
Carolyn Bramante,0000-0001-5858-2080,University of Minnesota,KL2 Career Development Program,38219798,2024,Middle,9,12,Contemporary clinical trials,SMART use of medications for the treatment of adolescent severe obesity: A sequential multiple assignment randomized trial protocol.,10.1016/j.cct.2024.107444,https://pubmed.ncbi.nlm.nih.gov/38219798/,Carolyn Bramante,2011,2026,All
Carolyn Bramante,0000-0001-5858-2080,University of Minnesota,KL2 Career Development Program,39422912,2024,Middle,9,33,JAMA network open,Time to Sustained Recovery Among Outpatients With COVID-19 Receiving Montelukast vs Placebo: The ACTIV-6 Randomized Clinical Trial.,10.1001/jamanetworkopen.2024.39332,https://pubmed.ncbi.nlm.nih.gov/39422912/,Carolyn Bramante,2011,2026,All
Carolyn Bramante,0000-0001-5858-2080,University of Minnesota,KL2 Career Development Program,36716983,2023,Middle,12,24,Journal of biomedical informatics,A method for comparing multiple imputation techniques: A case study on the U.S. national COVID cohort collaborative.,10.1016/j.jbi.2023.104295,https://pubmed.ncbi.nlm.nih.gov/36716983/,Carolyn Bramante,2011,2026,All
Carolyn Bramante,0000-0001-5858-2080,University of Minnesota,KL2 Career Development Program,37125061,2023,Middle,12,13,Journal of clinical and translational science,Are fewer cases of diabetes mellitus diagnosed in the months after SARS-CoV-2 infection? A population-level view in the EHR-based RECOVER program.,10.1017/cts.2023.34,https://pubmed.ncbi.nlm.nih.gov/37125061/,Carolyn Bramante,2011,2026,All
Carolyn Bramante,0000-0001-5858-2080,University of Minnesota,KL2 Career Development Program,37985892,2023,Middle,6,20,Scientific reports,"Development of a proteomic signature associated with severe disease for patients with COVID-19 using data from 5 multicenter, randomized, controlled, and prospective studies.",10.1038/s41598-023-46343-1,https://pubmed.ncbi.nlm.nih.gov/37985892/,Carolyn Bramante,2011,2026,All
Carolyn Bramante,0000-0001-5858-2080,University of Minnesota,KL2 Career Development Program,37284921,2023,Middle,3,7,Current diabetes reports,Does COVID-19 Infection Increase the Risk of Diabetes? Current Evidence.,10.1007/s11892-023-01515-1,https://pubmed.ncbi.nlm.nih.gov/37284921/,Carolyn Bramante,2011,2026,All
Carolyn Bramante,0000-0001-5858-2080,University of Minnesota,KL2 Career Development Program,36633838,2023,Middle,10,28,JAMA,Effect of Fluvoxamine vs Placebo on Time to Sustained Recovery in Outpatients With Mild to Moderate COVID-19: A Randomized Clinical Trial.,10.1001/jama.2022.24100,https://pubmed.ncbi.nlm.nih.gov/36633838/,Carolyn Bramante,2011,2026,All
Carolyn Bramante,0000-0001-5858-2080,University of Minnesota,KL2 Career Development Program,37264767,2023,Middle,2,10,Pediatric obesity,"Evaluating potential predictors of weight loss response to liraglutide in adolescents with obesity: A post hoc analysis of the randomized, placebo-controlled SCALE Teens trial.",10.1111/ijpo.13061,https://pubmed.ncbi.nlm.nih.gov/37264767/,Carolyn Bramante,2011,2026,All
Carolyn Bramante,0000-0001-5858-2080,University of Minnesota,KL2 Career Development Program,37976072,2023,Middle,9,33,JAMA,Higher-Dose Fluvoxamine and Time to Sustained Recovery in Outpatients With COVID-19: The ACTIV-6 Randomized Clinical Trial.,10.1001/jama.2023.23363,https://pubmed.ncbi.nlm.nih.gov/37976072/,Carolyn Bramante,2011,2026,All
Carolyn Bramante,0000-0001-5858-2080,University of Minnesota,KL2 Career Development Program,36124697,2023,Middle,33,34,Clinical infectious diseases : an official publication of the Infectious Diseases Society of America,Impact of Severe Acute Respiratory Syndrome Coronavirus 2 (SARS-CoV-2) Vaccination and Booster on Coronavirus Disease 2019 (COVID-19) Symptom Severity Over Time in the COVID-OUT Trial.,10.1093/cid/ciac772,https://pubmed.ncbi.nlm.nih.gov/36124697/,Carolyn Bramante,2011,2026,All
Carolyn Bramante,0000-0001-5858-2080,University of Minnesota,KL2 Career Development Program,37339345,2023,Last,8,8,Diabetes care,Metformin for Treatment of Acute COVID-19: Systematic Review of Clinical Trial Data Against SARS-CoV-2.,10.2337/dc22-2539,https://pubmed.ncbi.nlm.nih.gov/37339345/,Carolyn Bramante,2011,2026,All
Carolyn Bramante,0000-0001-5858-2080,University of Minnesota,KL2 Career Development Program,38015216,2023,Middle,3,6,JAMA,Obesity Management in Adults: A Review.,10.1001/jama.2023.19897,https://pubmed.ncbi.nlm.nih.gov/38015216/,Carolyn Bramante,2011,2026,All
Carolyn Bramante,0000-0001-5858-2080,University of Minnesota,KL2 Career Development Program,37302406,2023,First,1,32,The Lancet. Infectious diseases,"Outpatient treatment of COVID-19 and incidence of post-COVID-19 condition over 10 months (COVID-OUT): a multicentre, randomised, quadruple-blind, parallel-group, phase 3 trial.",10.1016/S1473-3099(23)00299-2,https://pubmed.ncbi.nlm.nih.gov/37302406/,Carolyn Bramante,2011,2026,All
Carolyn Bramante,0000-0001-5858-2080,University of Minnesota,KL2 Career Development Program,38033705,2023,Middle,20,21,Journal of clinical and translational science,Strategies used for the COVID-OUT decentralized trial of outpatient treatment of SARS-CoV-2.,10.1017/cts.2023.668,https://pubmed.ncbi.nlm.nih.gov/38033705/,Carolyn Bramante,2011,2026,All
Carolyn Bramante,0000-0001-5858-2080,University of Minnesota,KL2 Career Development Program,37778365,2023,Sole,1,1,The Lancet. Infectious diseases,The power and pressure placed on clinicians and guideline panels.,10.1016/S1473-3099(23)00557-1,https://pubmed.ncbi.nlm.nih.gov/37778365/,Carolyn Bramante,2011,2026,All
Carolyn Bramante,0000-0001-5858-2080,University of Minnesota,KL2 Career Development Program,35432917,2022,Middle,5,8,Therapeutic advances in endocrinology and metabolism,Anti-obesity medication prescriptions by race/ethnicity and use of an interpreter in a pediatric weight management clinic.,10.1177/20420188221090009,https://pubmed.ncbi.nlm.nih.gov/35432917/,Carolyn Bramante,2011,2026,All
Carolyn Bramante,0000-0001-5858-2080,University of Minnesota,KL2 Career Development Program,35533387,2022,First,1,3,Annals of internal medicine,Care of the Patient After Metabolic and Bariatric Surgery.,10.7326/AITC202205170,https://pubmed.ncbi.nlm.nih.gov/35533387/,Carolyn Bramante,2011,2026,All
Carolyn Bramante,0000-0001-5858-2080,University of Minnesota,KL2 Career Development Program,36395143,2022,First,1,20,PloS one,Diabetes medications and associations with Covid-19 outcomes in the N3C database: A national retrospective cohort study.,10.1371/journal.pone.0271574,https://pubmed.ncbi.nlm.nih.gov/36395143/,Carolyn Bramante,2011,2026,All
Carolyn Bramante,0000-0001-5858-2080,University of Minnesota,KL2 Career Development Program,36269852,2022,Middle,15,29,JAMA,Effect of Ivermectin vs Placebo on Time to Sustained Recovery in Outpatients With Mild to Moderate COVID-19: A Randomized Clinical Trial.,10.1001/jama.2022.18590,https://pubmed.ncbi.nlm.nih.gov/36269852/,Carolyn Bramante,2011,2026,All
Carolyn Bramante,0000-0001-5858-2080,University of Minnesota,KL2 Career Development Program,36098660,2022,Middle,5,19,Diabetes care,Effect of SARS-CoV-2 Infection and Infection Severity on Longer-Term Glycemic Control and Weight in People With Type 2 Diabetes.,10.2337/dc22-0730,https://pubmed.ncbi.nlm.nih.gov/36098660/,Carolyn Bramante,2011,2026,All
Carolyn Bramante,0000-0001-5858-2080,University of Minnesota,KL2 Career Development Program,35202458,2022,Middle,6,16,Diabetes care,Glycemic Control and Clinical Outcomes in U.S. Patients With COVID-19: Data From the National COVID Cohort Collaborative (N3C) Database.,10.2337/dc21-2186,https://pubmed.ncbi.nlm.nih.gov/35202458/,Carolyn Bramante,2011,2026,All
Carolyn Bramante,0000-0001-5858-2080,University of Minnesota,KL2 Career Development Program,36400170,2022,Middle,15,17,Diabetes research and clinical practice,Metformin is associated with reduced COVID-19 severity in patients with prediabetes.,10.1016/j.diabres.2022.110157,https://pubmed.ncbi.nlm.nih.gov/36400170/,Carolyn Bramante,2011,2026,All
Carolyn Bramante,0000-0001-5858-2080,University of Minnesota,KL2 Career Development Program,36070710,2022,First,1,38,The New England journal of medicine,"Randomized Trial of Metformin, Ivermectin, and Fluvoxamine for Covid-19.",10.1056/NEJMoa2201662,https://pubmed.ncbi.nlm.nih.gov/36070710/,Carolyn Bramante,2011,2026,All
Carolyn Bramante,0000-0001-5858-2080,University of Minnesota,KL2 Career Development Program,36516100,2022,First,1,3,The New England journal of medicine,"Trial of Metformin, Ivermectin, and Fluvoxamine for Covid-19. Reply.",10.1056/NEJMc2212542,https://pubmed.ncbi.nlm.nih.gov/36516100/,Carolyn Bramante,2011,2026,All
Carolyn Bramante,0000-0001-5858-2080,University of Minnesota,KL2 Career Development Program,35392460,2022,First,1,28,Open forum infectious diseases,Vaccination Against SARS-CoV-2 Is Associated With a Lower Viral Load and Likelihood of Systemic Symptoms.,10.1093/ofid/ofac066,https://pubmed.ncbi.nlm.nih.gov/35392460/,Carolyn Bramante,2011,2026,All
Carolyn Bramante,0000-0001-5858-2080,University of Minnesota,KL2 Career Development Program,34191405,2021,Middle,2,5,Clinical obesity,Affordability and features of home scales for self-weighing.,10.1111/cob.12475,https://pubmed.ncbi.nlm.nih.gov/34191405/,Carolyn Bramante,2011,2026,All
Carolyn Bramante,0000-0001-5858-2080,University of Minnesota,KL2 Career Development Program,34718333,2021,First,1,10,International journal of obesity (2005),"BMI metrics and their association with adiposity, cardiometabolic risk factors, and biomarkers in children and adolescents.",10.1038/s41366-021-01006-x,https://pubmed.ncbi.nlm.nih.gov/34718333/,Carolyn Bramante,2011,2026,All
Carolyn Bramante,0000-0001-5858-2080,University of Minnesota,KL2 Career Development Program,34839263,2021,Middle,11,52,EBioMedicine,Characterizing Long COVID: Deep Phenotype of a Complex Condition.,10.1016/j.ebiom.2021.103722,https://pubmed.ncbi.nlm.nih.gov/34839263/,Carolyn Bramante,2011,2026,All
Carolyn Bramante,0000-0001-5858-2080,University of Minnesota,KL2 Career Development Program,34061621,2021,Middle,8,9,Childhood obesity (Print),Contribution of Hedonic Hunger and Binge Eating to Childhood Obesity.,10.1089/chi.2020.0177,https://pubmed.ncbi.nlm.nih.gov/34061621/,Carolyn Bramante,2011,2026,All
Carolyn Bramante,0000-0001-5858-2080,University of Minnesota,KL2 Career Development Program,33634589,2021,Middle,3,8,Pediatric obesity,Effect of liraglutide treatment on body mass index and weight parameters in children and adolescents with type 2 diabetes: Post hoc analysis of the ellipse trial.,10.1111/ijpo.12778,https://pubmed.ncbi.nlm.nih.gov/33634589/,Carolyn Bramante,2011,2026,All
Carolyn Bramante,0000-0001-5858-2080,University of Minnesota,KL2 Career Development Program,34326020,2021,Middle,2,6,Surgery for obesity and related diseases : official journal of the American Society for Bariatric Surgery,Metabolic surgery may protect against admission for COVID-19 in persons with nonalcoholic fatty liver disease.,10.1016/j.soard.2021.05.029,https://pubmed.ncbi.nlm.nih.gov/34326020/,Carolyn Bramante,2011,2026,All
Carolyn Bramante,0000-0001-5858-2080,University of Minnesota,KL2 Career Development Program,34367059,2021,Middle,3,17,Frontiers in endocrinology,Metformin and Covid-19: Focused Review of Mechanisms and Current Literature Suggesting Benefit.,10.3389/fendo.2021.587801,https://pubmed.ncbi.nlm.nih.gov/34367059/,Carolyn Bramante,2011,2026,All
Carolyn Bramante,0000-0001-5858-2080,University of Minnesota,KL2 Career Development Program,33580540,2021,First,1,18,Journal of medical virology,Outpatient metformin use is associated with reduced severity of COVID-19 disease in adults with overweight or obesity.,10.1002/jmv.26873,https://pubmed.ncbi.nlm.nih.gov/33580540/,Carolyn Bramante,2011,2026,All
Carolyn Bramante,0000-0001-5858-2080,University of Minnesota,KL2 Career Development Program,34042604,2021,Middle,2,13,Journal of medical Internet research,Patient Recruitment Into a Multicenter Clinical Cohort Linking Electronic Health Records From 5 Health Systems: Cross-sectional Analysis.,10.2196/24003,https://pubmed.ncbi.nlm.nih.gov/34042604/,Carolyn Bramante,2011,2026,All
Carolyn Bramante,0000-0001-5858-2080,University of Minnesota,KL2 Career Development Program,34297343,2021,Middle,2,7,Current obesity reports,The Most Undertreated Chronic Disease: Addressing Obesity in Primary Care Settings.,10.1007/s13679-021-00444-y,https://pubmed.ncbi.nlm.nih.gov/34297343/,Carolyn Bramante,2011,2026,All
Carolyn Bramante,0000-0001-5858-2080,University of Minnesota,KL2 Career Development Program,33648370,2021,Last,6,6,Journal of primary care & community health,We Should Do More to Offer Evidence-Based Treatment for an Important Modifiable Risk Factor for COVID-19: Obesity.,10.1177/2150132721996283,https://pubmed.ncbi.nlm.nih.gov/33648370/,Carolyn Bramante,2011,2026,All
Carolyn Bramante,0000-0001-5858-2080,University of Minnesota,KL2 Career Development Program,33082992,2020,Middle,3,6,Obesity science & practice,Associations between paediatric fatigue and eating behaviours.,10.1002/osp4.422,https://pubmed.ncbi.nlm.nih.gov/33082992/,Carolyn Bramante,2011,2026,All
Carolyn Bramante,0000-0001-5858-2080,University of Minnesota,KL2 Career Development Program,32010059,2020,First,1,5,Frontiers in endocrinology,Cardiovascular Risks and Benefits of Medications Used for Weight Loss.,10.3389/fendo.2019.00883,https://pubmed.ncbi.nlm.nih.gov/32010059/,Carolyn Bramante,2011,2026,All
Carolyn Bramante,0000-0001-5858-2080,University of Minnesota,KL2 Career Development Program,33521772,2020,First,1,17,The lancet. Healthy longevity,Metformin and risk of mortality in patients hospitalised with COVID-19: a retrospective cohort analysis.,10.1016/S2666-7568(20)30033-7,https://pubmed.ncbi.nlm.nih.gov/33521772/,Carolyn Bramante,2011,2026,All
Carolyn Bramante,0000-0001-5858-2080,University of Minnesota,KL2 Career Development Program,32383356,2020,First,1,9,Clinical obesity,Minority and low-income patients are less likely to have a scale for self-weighing in their home: A survey in primary care.,10.1111/cob.12363,https://pubmed.ncbi.nlm.nih.gov/32383356/,Carolyn Bramante,2011,2026,All
Carolyn Bramante,0000-0001-5858-2080,University of Minnesota,KL2 Career Development Program,32909011,2020,First,1,9,medRxiv : the preprint server for health sciences,Non-alcoholic fatty liver disease (NAFLD) and risk of hospitalization for Covid-19.,10.1101/2020.09.01.20185850,https://pubmed.ncbi.nlm.nih.gov/32909011/,Carolyn Bramante,2011,2026,All
Carolyn Bramante,0000-0001-5858-2080,University of Minnesota,KL2 Career Development Program,33082991,2020,First,1,6,Obesity science & practice,Parents lose less weight than nonparents in an intensive lifestyle intervention.,10.1002/osp4.436,https://pubmed.ncbi.nlm.nih.gov/33082991/,Carolyn Bramante,2011,2026,All
Carolyn Bramante,0000-0001-5858-2080,University of Minnesota,KL2 Career Development Program,32446748,2020,Middle,9,11,American journal of preventive medicine,Provider Advice and Patient Perceptions on Weight Across Five Health Systems.,10.1016/j.amepre.2020.03.013,https://pubmed.ncbi.nlm.nih.gov/32446748/,Carolyn Bramante,2011,2026,All
Carolyn Bramante,0000-0001-5858-2080,University of Minnesota,KL2 Career Development Program,33314219,2020,Middle,3,10,Journal of medical virology,mTOR inhibition in COVID-19: A commentary and review of efficacy in RNA viruses.,10.1002/jmv.26728,https://pubmed.ncbi.nlm.nih.gov/33314219/,Carolyn Bramante,2011,2026,All
Carolyn Bramante,0000-0001-5858-2080,University of Minnesota,KL2 Career Development Program,31515965,2019,Middle,3,4,"Obesity (Silver Spring, Md.)",Geographic Availability of Physicians Certified by the American Board of Obesity Medicine Relative to Obesity Prevalence.,10.1002/oby.22628,https://pubmed.ncbi.nlm.nih.gov/31515965/,Carolyn Bramante,2011,2026,All
Carolyn Bramante,0000-0001-5858-2080,University of Minnesota,KL2 Career Development Program,31054014,2019,Middle,6,7,Current obesity reports,Severe Obesity in the Pediatric Population: Current Concepts in Clinical Care.,10.1007/s13679-019-00347-z,https://pubmed.ncbi.nlm.nih.gov/31054014/,Carolyn Bramante,2011,2026,All